fecha,estacion,temperatura_maxima,temperatura_minima,humedad_relativa_maxima,humedad_relativa_minima,precipitacion
2024-01-01,4 Esquinas (GPRS),15.76,7.35,,,4.2
2024-01-01,Aguadas (GPRS),16.9,11.51,78.63,49.85,2.4
2024-01-01,Aiquile (GPRS),36.61,21.86,72.33,46.58,
2024-01-01,Alto Peñas (GPRS),13.33,10.83,76.56,66.84,4.7
2024-01-01,Aroma (GPRS),22.78,11.39,59.29,21.24,
2024-01-01,Cabaña Forestal Oruro,,,,,4.2
2024-01-01,Camiri,34.0,23.0,87.8,43.6,
2024-01-01,Chua Cocani_M (GPRS),15.15,8.15,90.2,54.34,0.7
2024-01-01,Cobija,31.0,25.0,93.3,69.8,
2024-01-01,Cobija Aeropuerto,,,,,1.8
2024-01-01,Cochabamba,28.0,18.0,87.4,26.3,
2024-01-01,Cochabamba Aeropuerto,,,,,4.4
2024-01-01,Concepcion,30.0,24.0,93.3,65.6,
2024-01-01,Cuatro Cañadas - CEA-2 (GPRS),31.66,31.39,61.95,52.23,
2024-01-01,Cuatro Cañadas - Colonia Chihuahua (GPRS),34.55,32.33,59.41,51.22,
2024-01-01,Desaguadero_M,16.31,14.15,60.53,52.54,1.0
2024-01-01,El Alto,16.0,9.0,92.8,47.7,
2024-01-01,El Alto Aeropuerto,,,,,0.4
2024-01-01,El Común Caraparí,,,,,68.2
2024-01-01,Guajara-Mirim - Guayaramerín,,,,,14.0
2024-01-01,Huancane Corapata_M (GPRS),,,,,1.6
2024-01-01,Huarisuyo (GPRS),17.14,7.56,85.3,49.67,0.1
2024-01-01,Isla Suriqui_M (GPRS),15.02,14.04,67.14,58.63,3.9
2024-01-01,Jesús de Machaca_M (GPRS),16.88,13.82,66.29,45.9,
2024-01-01,Mairana_M (GPRS),207.9,207.9,247.8,247.8,
2024-01-01,Mizque - SDC (GPRS),28.7,27.7,48.36,38.02,4.6
2024-01-01,Oruro (GPRS),18.0,12.0,71.0,45.0,
2024-01-01,Pailon - Pozo del Tigre (GPRS),32.44,32.44,59.73,49.65,
2024-01-01,Pocona - SDC (GPRS),29.13,16.29,86.5,36.39,
2024-01-01,Pojo - SDC (GPRS),24.69,24.43,59.25,57.62,
2024-01-01,Potolo_M (GPRS),0.0,0.0,0.0,0.0,
2024-01-01,Potosí,17.0,9.0,66.9,54.8,
2024-01-01,Presa Misicuni (GPRS),,,,,2.6
2024-01-01,Puente Chiñata_H- SDC (GPRS),,,,,20.8
2024-01-01,Puerto Villarroel (GPRS)_M,31.85,29.34,76.46,66.64,1.2
2024-01-01,Putucuni Calientes (GPRS),11.35,7.26,91.4,56.74,2.6
2024-01-01,Quila Quila_M (GPRS),23.3,21.99,53.73,39.11,
2024-01-01,Riberalta,31.0,25.0,93.3,69.7,
2024-01-01,Rosario del Ingre,,,,,28.0
2024-01-01,Rurrenabaque,32.0,30.0,69.7,62.2,
2024-01-01,Sacacani_M (GPRS),,,,,2.4
2024-01-01,San Andres de Machaca_M (GPRS),16.83,14.55,55.73,40.81,0.4
2024-01-01,San Jacinto_M (GPRS),25.89,23.68,69.21,52.92,
2024-01-01,San Javier,30.0,26.0,78.0,61.7,
2024-01-01,San Javier Aeropuerto (F),30.0,26.0,78.0,61.7,
2024-01-01,San Julian - Comunidad Los Angeles (GPRS),32.25,32.25,58.66,58.66,
2024-01-01,San Julian - Nucleo 32 (GPRS),32.33,31.28,,,0.6
2024-01-01,San Pedro - Río Victoria (GPRS),31.47,29.78,73.36,67.31,1.0
2024-01-01,San Pedro - San Antonio (GPRS),31.47,29.89,74.32,69.01,
2024-01-01,San Pedro de Buena Vista (GPRS),25.04,22.89,61.32,39.38,0.6
2024-01-01,San Pedro de Tiquina_M (GPRS),,,,,3.9
2024-01-01,San Roque - El Alto (GPRS),19.02,13.4,67.75,48.39,1.1
2024-01-01,Santa Ana - Yacuma,32.0,25.0,93.3,58.5,
2024-01-01,Santa Ana del Yacuma Aerop,,,,,1.0
2024-01-01,Sunjani (GPRS),16.97,13.88,66.05,34.78,2.2
2024-01-01,Tacagua_M (GPRS),20.44,16.42,44.28,33.95,2.7
2024-01-01,Tarija,27.0,20.0,82.2,53.9,
2024-01-01,Templo (GPRS),13.53,10.65,71.48,38.1,1.2
2024-01-01,Temporal - SDC (GPRS),26.86,22.14,0.17,0.02,
2024-01-01,Trinidad,32.0,26.0,87.9,62.2,
2024-01-01,Trinidad Aeropuerto,,,,,12.5
2024-01-01,Trompillo Aeropuerto,,,,,0.4
2024-01-01,Vacas - SDC (GPRS),17.36,13.72,74.83,58.34,5.3
2024-01-01,Viacha_M (GPRS),17.8,11.57,78.84,47.38,2.1
2024-01-01,Vila Vila - SDC (GPRS),26.31,24.79,45.38,38.88,
2024-01-01,Viru Viru,32.0,25.0,93.3,58.5,
2024-01-01,Viru Viru Aeropuerto,,,,,0.2
2024-01-01,Viscachas Chirage (GPRS),13.23,8.92,88.8,65.56,10.3
2024-01-01,Vivero Chimboco - SDC (GPRS),26.85,14.61,85.9,29.86,3.9
2024-01-01,Vivero Viloma - SDC (GPRS),29.34,24.23,39.48,21.3,3.2
2024-01-01,Wila Cala (GPRS),12.68,6.87,95.44,62.81,0.6
2024-01-01,Yacuiba,33.0,28.0,69.3,55.3,
2024-01-02,4 Esquinas (GPRS),14.77,11.76,,,9.3
2024-01-02,Aguadas (GPRS),19.86,13.21,81.4,43.21,1.6
2024-01-02,Aiquile (GPRS),34.94,16.87,74.13,37.66,
2024-01-02,Alto Peñas (GPRS),8.15,6.28,97.0,71.69,
2024-01-02,Andamarca,,,,,7.0
2024-01-02,Aroma (GPRS),22.07,13.46,61.74,24.34,
2024-01-02,Camiri,31.0,22.0,99.1,55.1,
2024-01-02,Chimore Aeropuerto,,,,,81.1
2024-01-02,Chua Cocani_M (GPRS),13.31,10.9,74.73,64.82,0.8
2024-01-02,Cobija,33.0,26.0,88.0,58.8,
2024-01-02,Cochabamba,28.0,21.0,68.1,32.5,
2024-01-02,Concepcion,30.0,24.0,93.3,62.0,
2024-01-02,Cuatro Cañadas - CEA-2 (GPRS),33.36,32.14,63.71,59.47,
2024-01-02,Cuatro Cañadas - Colonia Chihuahua (GPRS),35.46,31.68,66.9,53.83,
2024-01-02,Desaguadero_M,15.64,14.09,60.57,51.77,
2024-01-02,El Alto,16.0,10.0,92.9,47.7,
2024-01-02,El Alto Aeropuerto,,,,,10.8
2024-01-02,El Común Caraparí,,,,,6.3
2024-01-02,Guajara-Mirim - Guayaramerín,,,,,11.6
2024-01-02,Huancane Corapata_M (GPRS),,,,,3.7
2024-01-02,Huarisuyo (GPRS),14.73,6.7,91.1,63.23,14.0
2024-01-02,Isla Suriqui_M (GPRS),14.24,8.89,86.0,55.34,19.1
2024-01-02,Jesús de Machaca_M (GPRS),16.23,9.25,79.89,51.21,0.2
2024-01-02,Magdalena,33.0,25.0,93.3,66.2,
2024-01-02,Mairana_M (GPRS),207.9,207.9,247.8,247.8,
2024-01-02,Mizque - SDC (GPRS),28.0,24.71,50.45,38.95,1.6
2024-01-02,Oruro (GPRS),19.0,13.0,66.5,48.3,
2024-01-02,Pailon - Pozo del Tigre (GPRS),34.89,32.67,62.92,52.65,
2024-01-02,Pairumani,,,,,10.0
2024-01-02,Pocona - SDC (GPRS),27.12,18.5,74.22,45.48,5.3
2024-01-02,Pojo - SDC (GPRS),26.46,24.27,65.95,50.72,
2024-01-02,Potolo_M (GPRS),0.0,0.0,0.0,0.0,
2024-01-02,Potosí,17.0,8.0,86.6,48.0,
2024-01-02,Puente Chiñata_H- SDC (GPRS),,,,,1.4
2024-01-02,Puerto Suarez,34.0,25.0,93.4,62.4,
2024-01-02,Puerto Suarez Aeropuerto (F),34.0,25.0,93.4,62.4,
2024-01-02,Puerto Villarroel (GPRS)_M,30.94,26.58,87.7,79.3,0.5
2024-01-02,Putucuni Calientes (GPRS),9.81,5.81,85.6,66.1,
2024-01-02,Quila Quila_M (GPRS),20.15,18.38,66.49,49.75,4.3
2024-01-02,Reyes,32.0,26.0,93.4,65.8,
2024-01-02,Riberalta,32.0,25.0,93.4,62.4,
2024-01-02,Robore,33.0,28.0,78.2,58.8,
2024-01-02,Rosario del Ingre,,,,,10.0
2024-01-02,Rurrenabaque,32.0,25.0,93.3,58.7,
2024-01-02,Sacacani_M (GPRS),,,,,7.2
2024-01-02,San Andres de Machaca_M (GPRS),17.56,13.31,70.84,37.62,
2024-01-02,San Borja Aeropuerto,,,,,1.5
2024-01-02,San Jacinto_M (GPRS),23.43,18.69,88.0,59.96,
2024-01-02,San Jose de Chiquitos,35.0,27.0,83.0,49.5,
2024-01-02,San Julian - Comunidad Los Angeles (GPRS),34.34,32.5,64.73,55.73,
2024-01-02,San Julian - Nucleo 32 (GPRS),34.16,31.28,,,0.6
2024-01-02,San Pedro - Río Victoria (GPRS),32.81,28.66,81.7,68.0,
2024-01-02,San Pedro - San Antonio (GPRS),33.59,30.28,78.28,64.05,
2024-01-02,San Pedro de Buena Vista (GPRS),23.61,20.74,64.2,49.75,17.0
2024-01-02,San Pedro de Tiquina_M (GPRS),,,,,1.6
2024-01-02,San Roque - El Alto (GPRS),16.08,10.29,82.0,53.33,4.7
2024-01-02,Santa Ana - Yacuma,32.0,26.0,93.4,66.0,
2024-01-02,Sucre SENAMHI,,,,,22.2
2024-01-02,Sunjani (GPRS),15.95,12.54,76.24,57.42,
2024-01-02,Tacagua_M (GPRS),20.57,17.82,40.0,28.86,
2024-01-02,Tarija,24.0,20.0,77.2,60.5,
2024-01-02,Templo (GPRS),11.89,9.23,85.0,62.93,0.1
2024-01-02,Temporal - SDC (GPRS),25.21,20.0,12.92,0.03,
2024-01-02,Toma Ravelo_M (GPRS),,,,,45.6
2024-01-02,Trinidad,31.0,27.0,88.0,74.1,
2024-01-02,Vacas - SDC (GPRS),16.14,7.22,85.9,59.01,
2024-01-02,Viacha_M (GPRS),19.77,15.52,57.35,34.4,0.4
2024-01-02,Vila Vila - SDC (GPRS),24.4,22.27,47.7,43.03,
2024-01-02,Villamontes,26.0,23.0,99.1,73.6,
2024-01-02,Villamontes Aeropuerto,,,,,30.2
2024-01-02,Viru Viru,32.0,26.0,88.0,66.0,
2024-01-02,Viscachas Chirage (GPRS),13.3,11.55,84.3,67.7,5.4
2024-01-02,Vivero Chimboco - SDC (GPRS),26.02,19.59,64.38,34.73,
2024-01-02,Vivero Viloma - SDC (GPRS),27.04,17.84,64.23,0.64,1.4
2024-01-02,Wila Cala (GPRS),10.6,6.17,99.87,61.98,0.6
2024-01-02,Yacuiba,30.0,21.0,93.2,58.1,
2024-01-02,Yacuiba Aeropuerto,,,,,70.8
2024-01-03,4 Esquinas (GPRS),13.16,9.14,,,1.0
2024-01-03,Aguadas (GPRS),16.26,11.07,80.8,54.16,3.0
2024-01-03,Aiquile (GPRS),30.16,18.74,75.45,48.95,0.6
2024-01-03,Alto Peñas (GPRS),13.81,11.0,71.81,62.82,11.1
2024-01-03,Andamarca,,,,,1.8
2024-01-03,Aroma (GPRS),21.08,11.85,69.01,28.97,
2024-01-03,Ascensión de Guarayos Aerop,,,,,16.2
2024-01-03,Cabaña Forestal Oruro,,,,,5.1
2024-01-03,Camiri,28.0,24.0,82.6,58.1,
2024-01-03,Chimore Aeropuerto,,,,,9.6
2024-01-03,Chua Cocani_M (GPRS),15.67,7.43,95.6,59.62,0.5
2024-01-03,Cobija,34.0,26.0,93.4,59.2,
2024-01-03,Cochabamba,26.0,16.0,81.8,29.6,
2024-01-03,Cochabamba Aeropuerto,,,,,0.5
2024-01-03,Concepcion,24.0,22.0,99.1,87.7,
2024-01-03,Cotagaita (GPRS),,,,,20.7
2024-01-03,Cuatro Cañadas - CEA-2 (GPRS),31.78,24.83,97.8,64.13,3.8
2024-01-03,Cuatro Cañadas - Colonia Chihuahua (GPRS),31.14,26.37,85.0,73.53,7.0
2024-01-03,Desaguadero_M,13.31,13.31,69.93,55.46,3.0
2024-01-03,El Alto,14.0,8.0,86.6,54.3,
2024-01-03,El Alto Aeropuerto,,,,,11.7
2024-01-03,El Común Caraparí,,,,,4.5
2024-01-03,Guajara-Mirim - Guayaramerín,,,,,1.1
2024-01-03,Huancane Corapata_M (GPRS),,,,,32.1
2024-01-03,Huarisuyo (GPRS),15.88,13.66,69.91,57.14,11.0
2024-01-03,Isla Suriqui_M (GPRS),13.97,13.97,65.96,65.96,4.8
2024-01-03,Jesús de Machaca_M (GPRS),16.68,13.23,60.81,39.61,2.6
2024-01-03,Magdalena,32.0,26.0,99.1,66.0,
2024-01-03,Mairana_M (GPRS),207.9,207.9,247.8,247.8,
2024-01-03,Mizque - SDC (GPRS),26.6,23.06,54.73,40.73,0.1
2024-01-03,Oruro (GPRS),17.0,12.0,66.7,54.8,
2024-01-03,Pailon - Pozo del Tigre (GPRS),31.76,27.91,89.4,64.02,29.8
2024-01-03,Pairumani,,,,,12.1
2024-01-03,Palca Grande,,,,,3.0
2024-01-03,Pocona - SDC (GPRS),21.97,20.31,63.52,53.14,0.7
2024-01-03,Pojo - SDC (GPRS),23.19,18.8,88.2,56.24,
2024-01-03,Potolo_M (GPRS),0.0,0.0,0.0,0.0,
2024-01-03,Potosí,16.0,8.0,80.8,47.7,
2024-01-03,Presa Misicuni (GPRS),,,,,2.2
2024-01-03,Puente Chiñata_H- SDC (GPRS),,,,,0.5
2024-01-03,Puerto Suarez,34.0,26.0,87.9,59.0,
2024-01-03,Puerto Suarez Aeropuerto (F),34.0,26.0,87.9,59.0,
2024-01-03,Puerto Villarroel (GPRS)_M,29.53,27.66,85.0,78.73,0.3
2024-01-03,Putucuni Calientes (GPRS),9.28,6.64,94.1,69.0,4.0
2024-01-03,Quila Quila_M (GPRS),20.68,17.96,65.41,51.56,0.1
2024-01-03,Reyes,31.0,23.0,99.1,65.8,
2024-01-03,Riberalta,33.0,26.0,93.4,62.4,
2024-01-03,Robore,29.0,25.0,99.1,78.3,
2024-01-03,Rurrenabaque,29.0,22.0,99.1,73.8,
2024-01-03,Sacacani_M (GPRS),,,,,9.3
2024-01-03,San Andres de Machaca_M (GPRS),18.15,15.1,48.88,37.68,0.4
2024-01-03,San Ignacio de Velasco Aerop,,,,,72.8
2024-01-03,San Jacinto_M (GPRS),22.05,14.5,99.2,67.17,
2024-01-03,San Javier,23.0,22.0,99.1,99.1,
2024-01-03,San Javier Aeropuerto (F),23.0,22.0,99.1,99.1,
2024-01-03,San Joaquin,32.0,26.0,93.4,70.0,
2024-01-03,San Jose de Chiquitos,32.0,27.0,82.9,62.2,
2024-01-03,San Julian - Comunidad Los Angeles (GPRS),28.73,25.13,96.9,81.8,7.9
2024-01-03,San Julian - Nucleo 32 (GPRS),27.88,25.0,,,0.4
2024-01-03,San Pedro - Río Victoria (GPRS),27.64,24.93,92.5,82.5,18.2
2024-01-03,San Pedro - San Antonio (GPRS),29.58,27.42,89.8,75.5,20.8
2024-01-03,San Pedro de Buena Vista (GPRS),23.46,16.88,80.8,46.95,0.1
2024-01-03,San Pedro de Tiquina_M (GPRS),,,,,1.3
2024-01-03,San Roque - El Alto (GPRS),16.22,13.42,70.25,52.7,4.4
2024-01-03,Santa Ana - Yacuma,30.0,25.0,99.1,78.2,
2024-01-03,Sucre SENAMHI,,,,,0.2
2024-01-03,Sunjani (GPRS),14.46,10.46,77.59,54.53,0.5
2024-01-03,Tacagua_M (GPRS),17.17,12.68,63.75,38.63,2.2
2024-01-03,Tarija,23.0,19.0,87.5,68.4,
2024-01-03,Templo (GPRS),13.05,8.41,80.5,63.48,1.8
2024-01-03,Temporal - SDC (GPRS),24.41,21.22,3.83,0.23,11.0
2024-01-03,Toma Ravelo_M (GPRS),,,,,0.6
2024-01-03,Trinidad,26.0,23.0,99.1,93.3,
2024-01-03,Trinidad Aeropuerto,,,,,66.1
2024-01-03,Trompillo Aeropuerto,,,,,21.2
2024-01-03,Vacas - SDC (GPRS),15.27,13.56,76.36,65.61,31.0
2024-01-03,Viacha_M (GPRS),15.97,13.55,62.31,52.85,2.4
2024-01-03,Vila Vila - SDC (GPRS),22.94,20.84,52.69,44.92,0.4
2024-01-03,Villamontes,28.0,23.0,99.1,78.2,
2024-01-03,Villamontes Aeropuerto,,,,,7.7
2024-01-03,Viru Viru,33.0,26.0,82.9,58.8,
2024-01-03,Viru Viru Aeropuerto,,,,,7.8
2024-01-03,Viscachas Chirage (GPRS),14.04,9.42,89.3,68.16,
2024-01-03,Vivero Chimboco - SDC (GPRS),23.96,21.68,46.99,34.56,1.2
2024-01-03,Vivero Viloma - SDC (GPRS),25.94,22.67,48.48,5.63,12.0
2024-01-03,Wila Cala (GPRS),9.61,6.09,99.88,65.0,0.8
2024-01-03,Yacuiba,30.0,22.0,93.2,69.7,
2024-01-03,Yacuiba Aeropuerto,,,,,1.1
2024-01-04,4 Esquinas (GPRS),13.62,9.48,,,4.2
2024-01-04,Aguadas (GPRS),18.25,12.23,77.49,50.01,1.2
2024-01-04,Aiquile (GPRS),35.3,24.12,59.37,40.45,
2024-01-04,Alto Peñas (GPRS),11.74,9.42,88.1,73.21,1.8
2024-01-04,Aroma (GPRS),21.17,11.59,69.5,22.94,
2024-01-04,Ascensión de Guarayos Aerop,,,,,100.3
2024-01-04,Camiri,33.0,24.0,87.8,49.0,
2024-01-04,Chua Cocani_M (GPRS),14.04,11.81,71.87,54.86,6.5
2024-01-04,Cobija,24.0,24.0,99.1,99.1,
2024-01-04,Cobija Aeropuerto,,,,,13.1
2024-01-04,Cochabamba,28.0,17.0,72.2,28.2,
2024-01-04,Cochabamba Aeropuerto,,,,,0.1
2024-01-04,Concepcion,28.0,23.0,93.4,83.0,
2024-01-04,Cotagaita (GPRS),,,,,0.3
2024-01-04,Cuatro Cañadas - CEA-2 (GPRS),36.38,33.89,51.39,46.05,37.6
2024-01-04,Cuatro Cañadas - Colonia Chihuahua (GPRS),36.64,34.49,56.17,48.56,
2024-01-04,Desaguadero_M,13.64,12.33,64.38,55.78,18.6
2024-01-04,El Alto,15.0,8.0,86.6,47.2,
2024-01-04,El Alto Aeropuerto,,,,,3.0
2024-01-04,Huancane Corapata_M (GPRS),,,,,14.6
2024-01-04,Huarisuyo (GPRS),17.01,11.66,81.7,53.4,0.6
2024-01-04,Isla Suriqui_M (GPRS),14.23,13.12,69.02,54.69,17.0
2024-01-04,Jesús de Machaca_M (GPRS),14.73,11.28,74.3,58.15,5.4
2024-01-04,Magdalena,32.0,25.0,99.1,66.0,
2024-01-04,Mairana_M (GPRS),207.9,207.9,247.8,247.8,0.2
2024-01-04,Mizque - SDC (GPRS),27.95,25.56,45.55,29.68,
2024-01-04,Oruro (GPRS),17.0,13.0,62.3,48.0,
2024-01-04,Pailon - Pozo del Tigre (GPRS),36.32,33.84,60.13,47.41,2.2
2024-01-04,Pairumani,,,,,16.2
2024-01-04,Pocona - SDC (GPRS),26.02,20.73,58.77,35.64,1.9
2024-01-04,Pojo - SDC (GPRS),27.33,23.71,55.52,42.5,10.3
2024-01-04,Potolo_M (GPRS),0.0,0.0,0.0,0.0,
2024-01-04,Potosí,17.0,8.0,80.8,41.8,
2024-01-04,Presa Misicuni (GPRS),,,,,1.0
2024-01-04,Puente Chiñata_H- SDC (GPRS),,,,,1.4
2024-01-04,Puerto Suarez,37.0,27.0,82.9,41.7,
2024-01-04,Puerto Suarez Aeropuerto (F),37.0,27.0,82.9,41.7,
2024-01-04,Puerto Villarroel (GPRS)_M,35.68,32.99,70.6,56.13,2.5
2024-01-04,Putucuni Calientes (GPRS),10.26,7.68,90.5,71.17,6.1
2024-01-04,Quila Quila_M (GPRS),20.66,19.04,56.98,51.43,9.4
2024-01-04,Reyes,35.0,25.0,93.3,55.8,
2024-01-04,Riberalta,28.0,23.0,99.1,78.3,
2024-01-04,Robore,32.0,26.0,93.4,66.0,
2024-01-04,Rosario del Ingre,,,,,3.0
2024-01-04,Rurrenabaque,32.0,26.0,88.0,65.8,
2024-01-04,Sacacani_M (GPRS),,,,,5.3
2024-01-04,San Andres de Machaca_M (GPRS),16.06,13.12,61.65,45.58,0.8
2024-01-04,San Borja Aeropuerto,,,,,14.8
2024-01-04,San Ignacio de Velasco Aerop,,,,,13.4
2024-01-04,San Jacinto_M (GPRS),25.6,15.09,98.8,58.24,0.1
2024-01-04,San Joaquin,30.0,24.0,93.3,69.7,
2024-01-04,San Joaquin Aeropuerto,,,,,15.2
2024-01-04,San Jose de Chiquitos,35.0,27.0,83.0,49.5,
2024-01-04,San Julian - Comunidad Los Angeles (GPRS),39.04,35.06,57.95,43.67,4.5
2024-01-04,San Julian - Nucleo 32 (GPRS),33.64,32.4,,,0.4
2024-01-04,San Pedro - Río Victoria (GPRS),32.44,31.41,71.66,62.61,1.6
2024-01-04,San Pedro - San Antonio (GPRS),33.68,31.71,71.7,60.96,
2024-01-04,San Pedro de Buena Vista (GPRS),23.53,20.54,66.91,43.2,5.4
2024-01-04,San Pedro de Tiquina_M (GPRS),,,,,5.7
2024-01-04,San Roque - El Alto (GPRS),17.19,14.43,54.86,44.3,
2024-01-04,Santa Ana - Yacuma,32.0,25.0,87.9,58.7,
2024-01-04,Santa Ana del Yacuma Aerop,,,,,10.5
2024-01-04,Sucre SENAMHI,,,,,35.0
2024-01-04,Sunjani (GPRS),14.98,12.25,64.46,50.97,1.3
2024-01-04,Tacagua_M (GPRS),19.56,15.93,41.04,21.57,0.4
2024-01-04,Tarija,25.0,19.0,87.5,53.2,
2024-01-04,Tarija Aeropuerto,,,,,2.9
2024-01-04,Templo (GPRS),12.66,9.93,72.52,57.42,1.3
2024-01-04,Temporal - SDC (GPRS),25.21,21.79,4.96,0.04,
2024-01-04,Toma Ravelo_M (GPRS),,,,,24.4
2024-01-04,Trinidad,32.0,24.0,99.1,62.2,
2024-01-04,Trinidad Aeropuerto,,,,,36.5
2024-01-04,Trompillo Aeropuerto,,,,,11.2
2024-01-04,Vacas - SDC (GPRS),15.74,14.85,68.33,55.38,3.8
2024-01-04,Viacha_M (GPRS),16.63,11.85,75.74,49.6,4.9
2024-01-04,Vila Vila - SDC (GPRS),24.25,22.73,45.05,40.04,1.9
2024-01-04,Villamontes,32.0,24.0,93.3,62.0,
2024-01-04,Viru Viru,35.0,26.0,88.0,43.8,
2024-01-04,Viru Viru Aeropuerto,,,,,0.4
2024-01-04,Viscachas Chirage (GPRS),14.27,11.03,79.41,64.59,1.6
2024-01-04,Vivero Chimboco - SDC (GPRS),25.19,20.93,45.04,34.11,1.1
2024-01-04,Vivero Viloma - SDC (GPRS),25.19,22.53,51.23,24.54,2.1
2024-01-04,Wila Cala (GPRS),10.96,4.93,99.88,73.92,0.4
2024-01-04,Yacuiba,30.0,26.0,78.0,58.1,
2024-01-04,Yacuiba Aeropuerto,,,,,2.9
2024-01-05,4 Esquinas (GPRS),14.05,10.9,,,14.8
2024-01-05,Aguadas (GPRS),18.17,14.98,58.0,46.33,9.6
2024-01-05,Aiquile (GPRS),35.71,22.64,61.5,37.39,
2024-01-05,Alto Peñas (GPRS),13.05,9.45,90.0,69.54,7.1
2024-01-05,Aroma (GPRS),20.92,11.4,71.82,21.04,
2024-01-05,Ascensión de Guarayos Aerop,,,,,4.0
2024-01-05,Camiri,34.0,24.0,87.8,41.2,
2024-01-05,Chua Cocani_M (GPRS),12.55,11.54,74.62,68.13,3.5
2024-01-05,Cobija,33.0,24.0,93.3,66.0,
2024-01-05,Cobija Aeropuerto,,,,,21.1
2024-01-05,Cochabamba,28.0,18.0,59.1,24.3,
2024-01-05,Concepcion,30.0,25.0,93.4,69.7,
2024-01-05,Cotagaita (GPRS),,,,,2.0
2024-01-05,Cuatro Cañadas - CEA-2 (GPRS),35.14,33.82,59.93,49.26,1.6
2024-01-05,Cuatro Cañadas - Colonia Chihuahua (GPRS),36.66,34.29,56.04,46.61,
2024-01-05,Desaguadero_M,15.48,12.52,90.0,53.12,4.8
2024-01-05,El Alto,15.0,7.0,92.7,38.3,
2024-01-05,El Alto Aeropuerto,,,,,3.8
2024-01-05,Guajara-Mirim - Guayaramerín,,,,,10.3
2024-01-05,Huancane Corapata_M (GPRS),,,,,9.0
2024-01-05,Huarisuyo (GPRS),16.5,11.37,79.61,51.77,1.2
2024-01-05,Isla Suriqui_M (GPRS),13.51,11.35,71.24,55.34,7.4
2024-01-05,Jesús de Machaca_M (GPRS),15.12,13.23,70.66,52.29,0.2
2024-01-05,Magdalena,27.0,25.0,93.4,93.3,
2024-01-05,Mairana_M (GPRS),207.9,207.9,247.8,247.8,
2024-01-05,Mizque - SDC (GPRS),28.11,25.72,36.63,25.5,
2024-01-05,Oruro (GPRS),21.0,13.0,66.5,32.8,
2024-01-05,Pailon - Pozo del Tigre (GPRS),37.69,35.17,52.92,40.0,
2024-01-05,Pocona - SDC (GPRS),28.11,23.96,74.42,35.63,
2024-01-05,Pojo - SDC (GPRS),26.92,21.81,73.98,45.23,
2024-01-05,Potolo_M (GPRS),0.0,0.0,0.0,0.0,
2024-01-05,Potosí,17.0,9.0,66.9,41.8,
2024-01-05,Presa Misicuni (GPRS),,,,,2.3
2024-01-05,Puerto Suarez,38.0,30.0,69.7,41.7,
2024-01-05,Puerto Suarez Aeropuerto (F),38.0,30.0,69.7,41.7,
2024-01-05,Puerto Villarroel (GPRS)_M,36.25,33.33,70.81,61.25,0.4
2024-01-05,Putucuni Calientes (GPRS),11.22,9.01,77.38,55.0,1.6
2024-01-05,Quila Quila_M (GPRS),21.99,19.82,52.18,30.51,
2024-01-05,Reyes,32.0,25.0,99.1,66.0,
2024-01-05,Riberalta,30.0,25.0,93.3,69.7,
2024-01-05,Robore,35.0,28.0,83.0,49.5,
2024-01-05,Rurrenabaque,31.0,25.0,93.4,74.1,
2024-01-05,Sacacani_M (GPRS),,,,,2.8
2024-01-05,San Andres de Machaca_M (GPRS),15.4,8.54,67.68,42.62,16.0
2024-01-05,San Ignacio de Velasco Aerop,,,,,4.3
2024-01-05,San Jacinto_M (GPRS),27.84,24.74,63.47,49.72,
2024-01-05,San Javier,29.0,25.0,93.5,83.0,
2024-01-05,San Javier Aeropuerto (F),29.0,25.0,93.5,83.0,
2024-01-05,San Joaquin,26.0,24.0,99.1,93.3,
2024-01-05,San Joaquin Aeropuerto,,,,,24.4
2024-01-05,San Jose de Chiquitos,38.0,31.0,65.8,39.5,
2024-01-05,San Jose de Chiquitos Aerop,,,,,11.3
2024-01-05,San Julian - Comunidad Los Angeles (GPRS),36.89,32.77,65.41,46.41,
2024-01-05,San Julian - Nucleo 32 (GPRS),33.84,31.88,,,0.4
2024-01-05,San Pedro - Río Victoria (GPRS),31.67,29.4,79.35,69.66,27.8
2024-01-05,San Pedro - San Antonio (GPRS),33.1,30.77,81.1,69.36,17.8
2024-01-05,San Pedro de Buena Vista (GPRS),24.75,22.15,49.88,31.31,
2024-01-05,San Pedro de Tiquina_M (GPRS),,,,,15.3
2024-01-05,San Roque - El Alto (GPRS),18.53,14.55,59.39,35.17,7.2
2024-01-05,Santa Ana - Yacuma,25.0,24.0,99.1,93.3,
2024-01-05,Santa Ana del Yacuma Aerop,,,,,13.3
2024-01-05,Sunjani (GPRS),15.08,11.6,62.94,47.13,1.2
2024-01-05,Tacagua_M (GPRS),21.44,18.87,23.19,18.04,
2024-01-05,Tarija,28.0,20.0,77.2,44.8,
2024-01-05,Templo (GPRS),11.13,8.76,75.94,57.84,1.5
2024-01-05,Temporal - SDC (GPRS),25.94,15.25,75.18,0.03,
2024-01-05,Trinidad,32.0,25.0,87.9,66.0,
2024-01-05,Trompillo Aeropuerto,,,,,0.8
2024-01-05,Vacas - SDC (GPRS),17.39,12.21,72.01,56.65,
2024-01-05,Viacha_M (GPRS),17.08,14.14,56.5,37.07,4.2
2024-01-05,Vila Vila - SDC (GPRS),25.59,22.64,40.91,26.62,0.2
2024-01-05,Villamontes,35.0,26.0,82.8,52.6,
2024-01-05,Villamontes Aeropuerto,,,,,3.7
2024-01-05,Viru Viru,36.0,28.0,88.1,49.7,
2024-01-05,Viru Viru Aeropuerto,,,,,2.5
2024-01-05,Viscachas Chirage (GPRS),14.9,11.84,76.13,51.23,1.4
2024-01-05,Vivero Chimboco - SDC (GPRS),25.85,16.93,76.61,28.24,
2024-01-05,Vivero Viloma - SDC (GPRS),28.05,21.79,39.97,19.91,
2024-01-05,Wila Cala (GPRS),11.05,3.13,99.88,72.55,0.6
2024-01-05,Yacuiba,34.0,26.0,68.9,46.3,
2024-01-06,4 Esquinas (GPRS),14.44,13.57,,,
2024-01-06,Aguadas (GPRS),19.22,18.19,51.97,32.9,
2024-01-06,Aiquile (GPRS),37.55,22.66,63.1,30.22,
2024-01-06,Alto Peñas (GPRS),16.08,13.47,60.29,46.1,0.6
2024-01-06,Aroma (GPRS),23.52,13.61,51.53,19.52,
2024-01-06,Ascencion de Guarayos,27.0,27.0,88.0,88.0,
2024-01-06,Camiri,35.0,24.0,77.7,34.1,
2024-01-06,Chua Cocani_M (GPRS),16.0,13.97,52.58,45.28,
2024-01-06,Cobija,25.0,24.0,99.1,93.3,
2024-01-06,Cochabamba,30.0,19.0,55.5,21.4,
2024-01-06,Concepcion,31.0,24.0,93.4,65.8,
2024-01-06,Cotagaita (GPRS),,,,,4.9
2024-01-06,Cuatro Cañadas - CEA-2 (GPRS),34.28,32.25,69.05,60.52,4.6
2024-01-06,Cuatro Cañadas - Colonia Chihuahua (GPRS),36.84,34.74,52.13,46.02,
2024-01-06,Desaguadero_M,13.57,13.57,57.48,57.48,5.0
2024-01-06,El Alto,16.0,8.0,80.8,33.5,
2024-01-06,Guajara-Mirim - Guayaramerín,,,,,25.7
2024-01-06,Huarisuyo (GPRS),16.46,14.49,49.34,38.46,0.7
2024-01-06,Isla Suriqui_M (GPRS),15.61,13.25,61.01,41.41,
2024-01-06,Jesús de Machaca_M (GPRS),18.87,16.55,37.16,21.82,
2024-01-06,Mairana_M (GPRS),207.9,207.9,247.8,247.8,
2024-01-06,Mizque - SDC (GPRS),30.82,29.06,30.93,20.74,
2024-01-06,Oruro (GPRS),19.0,11.0,66.0,39.5,
2024-01-06,Pailon - Pozo del Tigre (GPRS),37.1,35.28,50.84,41.55,
2024-01-06,Pocona - SDC (GPRS),26.05,24.51,44.81,35.58,0.2
2024-01-06,Pojo - SDC (GPRS),27.44,25.75,52.21,46.48,0.3
2024-01-06,Potolo_M (GPRS),0.0,0.0,0.0,0.0,
2024-01-06,Puente Chiñata_H- SDC (GPRS),,,,,5.1
2024-01-06,Puerto Villarroel (GPRS)_M,36.0,32.51,73.53,60.96,5.8
2024-01-06,Putucuni Calientes (GPRS),11.89,8.39,78.01,48.33,0.1
2024-01-06,Quila Quila_M (GPRS),24.29,21.99,46.48,23.49,
2024-01-06,Reyes,35.0,30.0,74.0,55.8,
2024-01-06,Riberalta,25.0,24.0,99.1,93.4,
2024-01-06,San Andres de Machaca_M (GPRS),17.17,14.05,47.6,31.94,8.6
2024-01-06,San Borja,34.0,34.0,55.6,55.6,
2024-01-06,San Jacinto_M (GPRS),30.3,28.19,57.67,46.79,
2024-01-06,San Javier,28.0,28.0,83.0,83.0,
2024-01-06,San Javier Aeropuerto (F),28.0,28.0,83.0,83.0,
2024-01-06,San Julian - Comunidad Los Angeles (GPRS),35.65,34.07,62.25,56.06,4.0
2024-01-06,San Julian - Nucleo 32 (GPRS),33.18,31.48,,,0.4
2024-01-06,San Pedro - Río Victoria (GPRS),31.05,29.24,82.9,69.74,
2024-01-06,San Pedro - San Antonio (GPRS),31.74,29.23,84.8,72.89,
2024-01-06,San Pedro de Buena Vista (GPRS),26.39,24.2,42.14,23.26,
2024-01-06,San Roque - El Alto (GPRS),19.86,15.59,44.74,31.26,
2024-01-06,Santa Ana - Yacuma,33.0,26.0,93.4,58.7,
2024-01-06,Santa Ana del Yacuma Aerop,,,,,21.7
2024-01-06,Sunjani (GPRS),16.4,15.37,53.56,30.18,
2024-01-06,Tacagua_M (GPRS),22.99,18.81,28.54,16.03,
2024-01-06,Tarija,31.0,21.0,72.5,48.2,
2024-01-06,Templo (GPRS),12.56,11.2,54.71,38.03,0.1
2024-01-06,Temporal - SDC (GPRS),27.15,24.53,0.15,0.02,4.6
2024-01-06,Trinidad,33.0,26.0,88.0,58.7,
2024-01-06,Vacas - SDC (GPRS),18.41,16.74,49.43,33.04,0.6
2024-01-06,Viacha_M (GPRS),17.42,15.98,41.29,31.79,
2024-01-06,Vila Vila - SDC (GPRS),28.32,25.31,29.87,15.23,
2024-01-06,Viru Viru,34.0,27.0,88.0,55.6,
2024-01-06,Viscachas Chirage (GPRS),14.75,12.92,71.66,47.82,0.1
2024-01-06,Vivero Chimboco - SDC (GPRS),27.16,23.99,34.34,25.45,1.5
2024-01-06,Vivero Viloma - SDC (GPRS),27.44,24.73,25.95,14.32,
2024-01-06,Wila Cala (GPRS),12.82,4.65,80.25,55.33,0.8
2024-01-07,4 Esquinas (GPRS),17.07,14.47,,,
2024-01-07,Aguadas (GPRS),21.17,17.68,52.08,35.07,
2024-01-07,Aiquile (GPRS),35.9,23.2,55.17,16.54,
2024-01-07,Alto Peñas (GPRS),17.07,9.0,80.2,47.64,1.3
2024-01-07,Aroma (GPRS),24.28,13.51,49.4,15.53,
2024-01-07,Camiri,37.0,25.0,77.8,26.7,
2024-01-07,Chua Cocani_M (GPRS),15.82,14.63,55.97,46.13,
2024-01-07,Cobija,28.0,25.0,93.4,88.0,
2024-01-07,Cobija Aeropuerto,,,,,16.7
2024-01-07,Cochabamba,32.0,21.0,42.9,18.2,
2024-01-07,Concepcion,31.0,24.0,93.3,62.0,
2024-01-07,Cotagaita (GPRS),,,,,0.1
2024-01-07,Cuatro Cañadas - CEA-2 (GPRS),33.88,31.39,69.76,57.96,
2024-01-07,Cuatro Cañadas - Colonia Chihuahua (GPRS),35.47,33.38,57.34,50.5,
2024-01-07,Desaguadero_M,17.36,13.96,63.74,34.29,
2024-01-07,El Alto,17.0,10.0,75.7,41.8,
2024-01-07,Guajara-Mirim - Guayaramerín,,,,,24.3
2024-01-07,Huarisuyo (GPRS),18.67,15.99,53.04,40.01,1.0
2024-01-07,Isla Suriqui_M (GPRS),17.37,15.01,55.34,32.88,
2024-01-07,Jesús de Machaca_M (GPRS),19.42,16.69,43.83,36.74,
2024-01-07,Mairana_M (GPRS),207.9,207.9,247.8,247.8,
2024-01-07,Mizque - SDC (GPRS),33.25,29.9,21.54,11.66,
2024-01-07,Oruro (GPRS),20.0,13.0,58.4,42.6,
2024-01-07,Pailon - Pozo del Tigre (GPRS),35.41,33.98,55.33,48.5,
2024-01-07,Pocona - SDC (GPRS),28.41,24.4,47.27,25.25,
2024-01-07,Pojo - SDC (GPRS),26.33,24.7,59.12,55.01,
2024-01-07,Potolo_M (GPRS),0.0,0.0,0.0,0.0,
2024-01-07,Puerto Villarroel (GPRS)_M,31.71,27.34,87.0,74.79,25.0
2024-01-07,Putucuni Calientes (GPRS),12.43,9.39,78.65,57.96,
2024-01-07,Quila Quila_M (GPRS),26.0,24.29,28.7,19.88,
2024-01-07,Riberalta,31.0,25.0,93.4,69.8,
2024-01-07,Rurrenabaque,27.0,26.0,99.1,93.4,
2024-01-07,San Andres de Machaca_M (GPRS),19.08,15.66,37.99,28.83,
2024-01-07,San Jacinto_M (GPRS),33.68,29.89,42.93,20.29,
2024-01-07,San Javier,29.0,29.0,73.8,73.8,
2024-01-07,San Javier Aeropuerto (F),29.0,29.0,73.8,73.8,
2024-01-07,San Julian - Comunidad Los Angeles (GPRS),31.6,31.6,68.91,68.91,
2024-01-07,San Julian - Nucleo 32 (GPRS),32.41,29.98,,,0.2
2024-01-07,San Pedro - Río Victoria (GPRS),30.99,29.48,77.37,71.11,
2024-01-07,San Pedro - San Antonio (GPRS),31.32,29.41,81.0,74.0,
2024-01-07,San Pedro de Buena Vista (GPRS),28.97,26.46,27.98,17.58,
2024-01-07,San Roque - El Alto (GPRS),20.52,14.64,45.59,35.0,
2024-01-07,Santa Ana - Yacuma,31.0,26.0,87.9,69.8,
2024-01-07,Sunjani (GPRS),18.89,16.56,59.46,35.25,
2024-01-07,Tacagua_M (GPRS),22.6,19.79,28.93,21.82,
2024-01-07,Tarija,35.0,19.0,87.5,30.1,
2024-01-07,Templo (GPRS),15.05,12.09,62.52,36.0,
2024-01-07,Temporal - SDC (GPRS),28.35,25.36,1.07,0.02,
2024-01-07,Trinidad,31.0,26.0,87.9,74.0,
2024-01-07,Vacas - SDC (GPRS),20.55,17.69,44.6,34.74,
2024-01-07,Viacha_M (GPRS),18.85,17.02,42.91,29.19,
2024-01-07,Vila Vila - SDC (GPRS),28.8,26.98,23.14,19.03,
2024-01-07,Viru Viru,34.0,27.0,88.0,55.6,
2024-01-07,Viscachas Chirage (GPRS),16.96,14.14,68.07,47.32,
2024-01-07,Vivero Chimboco - SDC (GPRS),29.17,25.06,30.16,20.36,
2024-01-07,Vivero Viloma - SDC (GPRS),31.46,27.15,27.89,6.45,
2024-01-07,Wila Cala (GPRS),14.42,5.74,81.63,56.19,0.6
2024-01-08,4 Esquinas (GPRS),17.53,16.72,,,0.1
2024-01-08,Aguadas (GPRS),21.5,20.78,42.91,14.69,
2024-01-08,Aiquile (GPRS),41.19,24.25,53.0,19.93,
2024-01-08,Alto Peñas (GPRS),17.4,15.58,54.26,46.11,3.1
2024-01-08,Aroma (GPRS),24.31,13.32,46.59,7.51,
2024-01-08,Camiri,37.0,25.0,82.7,32.8,
2024-01-08,Chimore Aeropuerto,,,,,124.8
2024-01-08,Chua Cocani_M (GPRS),17.43,15.43,52.33,32.65,1.3
2024-01-08,Cobija,34.0,26.0,88.0,58.8,
2024-01-08,Cochabamba,33.0,22.0,43.1,16.1,
2024-01-08,Concepcion,31.0,24.0,93.3,58.3,
2024-01-08,Cuatro Cañadas - CEA-2 (GPRS),34.8,32.41,62.02,55.9,
2024-01-08,Cuatro Cañadas - Colonia Chihuahua (GPRS),36.65,33.64,56.81,49.54,
2024-01-08,Desaguadero_M,17.03,15.6,57.82,38.0,
2024-01-08,El Alto,20.0,12.0,66.3,20.9,
2024-01-08,El Alto Aeropuerto,,,,,2.0
2024-01-08,Huancane Corapata_M (GPRS),,,,,1.0
2024-01-08,Huarisuyo (GPRS),19.6,16.87,51.21,40.68,0.7
2024-01-08,Isla Suriqui_M (GPRS),16.52,15.34,56.26,46.49,
2024-01-08,Jesús de Machaca_M (GPRS),21.77,17.99,38.16,18.75,
2024-01-08,Magdalena,32.0,25.0,93.3,62.4,
2024-01-08,Mairana_M (GPRS),207.9,207.9,247.8,247.8,
2024-01-08,Mizque - SDC (GPRS),34.18,31.91,26.67,17.49,
2024-01-08,Oruro (GPRS),22.0,13.0,57.9,35.2,
2024-01-08,Pailon - Pozo del Tigre (GPRS),35.13,33.39,56.09,51.77,
2024-01-08,Pocona - SDC (GPRS),27.62,25.49,47.96,42.89,
2024-01-08,Pojo - SDC (GPRS),26.98,25.87,67.95,55.94,
2024-01-08,Potolo_M (GPRS),0.0,0.0,0.0,0.0,
2024-01-08,Potosí,19.0,8.0,80.8,36.5,
2024-01-08,Presa Misicuni (GPRS),,,,,0.3
2024-01-08,Puerto Suarez,38.0,30.0,69.7,42.0,
2024-01-08,Puerto Suarez Aeropuerto (F),38.0,30.0,69.7,42.0,
2024-01-08,Puerto Villarroel (GPRS)_M,33.54,29.5,82.5,64.21,1.1
2024-01-08,Putucuni Calientes (GPRS),14.31,11.45,72.16,26.59,3.4
2024-01-08,Quila Quila_M (GPRS),26.47,24.95,32.93,8.4,
2024-01-08,Reyes,34.0,27.0,88.0,55.8,
2024-01-08,Riberalta,34.0,27.0,88.0,55.5,
2024-01-08,Robore,36.0,29.0,74.0,46.8,
2024-01-08,Rurrenabaque,32.0,25.0,93.4,62.4,
2024-01-08,San Andres de Machaca_M (GPRS),20.83,17.43,34.15,16.51,1.3
2024-01-08,San Jacinto_M (GPRS),30.51,19.56,95.3,45.5,
2024-01-08,San Joaquin,33.0,26.0,87.9,62.4,
2024-01-08,San Jose de Chiquitos,37.0,28.0,83.0,41.7,
2024-01-08,San Julian - Comunidad Los Angeles (GPRS),35.58,33.12,61.6,50.52,
2024-01-08,San Julian - Nucleo 32 (GPRS),34.13,32.44,,,0.2
2024-01-08,San Pedro - Río Victoria (GPRS),33.71,31.05,73.37,64.97,
2024-01-08,San Pedro - San Antonio (GPRS),33.31,30.5,76.19,66.96,
2024-01-08,San Pedro de Buena Vista (GPRS),29.06,27.12,29.32,14.61,
2024-01-08,San Roque - El Alto (GPRS),23.64,19.45,36.57,18.93,
2024-01-08,Santa Ana - Yacuma,33.0,26.0,87.9,58.7,
2024-01-08,Sunjani (GPRS),19.12,17.63,39.63,21.16,
2024-01-08,Tacagua_M (GPRS),23.38,22.14,6.97,5.41,
2024-01-08,Tarija,32.0,24.0,64.4,43.0,
2024-01-08,Templo (GPRS),15.49,14.44,39.96,20.26,0.4
2024-01-08,Temporal - SDC (GPRS),30.88,25.65,22.14,0.02,
2024-01-08,Trinidad,34.0,28.0,83.0,59.0,
2024-01-08,Vacas - SDC (GPRS),21.17,19.6,42.3,23.0,
2024-01-08,Viacha_M (GPRS),20.82,18.98,31.34,18.82,
2024-01-08,Vila Vila - SDC (GPRS),29.75,27.85,23.43,11.96,
2024-01-08,Viru Viru,33.0,26.0,88.0,58.8,
2024-01-08,Viscachas Chirage (GPRS),17.65,15.23,67.83,44.98,
2024-01-08,Vivero Chimboco - SDC (GPRS),29.95,26.31,27.62,16.09,
2024-01-08,Vivero Viloma - SDC (GPRS),30.63,29.2,22.23,12.79,
2024-01-08,Wila Cala (GPRS),14.64,5.92,81.58,60.43,0.6
2024-01-08,Yacuiba,36.0,28.0,69.3,52.8,
2024-01-09,4 Esquinas (GPRS),17.12,16.21,,,
2024-01-09,Aguadas (GPRS),21.26,20.3,31.15,23.92,
2024-01-09,Aiquile (GPRS),39.67,25.4,55.73,18.86,
2024-01-09,Alto Peñas (GPRS),16.89,15.42,50.67,42.61,
2024-01-09,Aroma (GPRS),23.71,14.83,47.41,10.46,
2024-01-09,Ascencion de Guarayos,35.0,35.0,49.5,49.5,
2024-01-09,Camiri,38.0,25.0,87.9,30.6,
2024-01-09,Chimore Aeropuerto,,,,,0.4
2024-01-09,Chua Cocani_M (GPRS),17.38,14.76,51.48,29.14,
2024-01-09,Cobija,33.0,26.0,93.4,66.2,
2024-01-09,Cochabamba,33.0,21.0,37.4,18.2,
2024-01-09,Concepcion,33.0,26.0,88.0,58.8,
2024-01-09,Cuatro Cañadas - CEA-2 (GPRS),36.45,34.28,58.89,51.73,
2024-01-09,Cuatro Cañadas - Colonia Chihuahua (GPRS),37.82,36.18,51.3,42.65,
2024-01-09,Desaguadero_M,17.64,15.0,48.73,27.36,
2024-01-09,El Alto,19.0,11.0,70.8,16.4,
2024-01-09,Huarisuyo (GPRS),19.72,15.6,42.69,20.38,
2024-01-09,Isla Suriqui_M (GPRS),17.99,15.15,49.55,22.77,
2024-01-09,Jesús de Machaca_M (GPRS),19.88,17.85,24.01,15.35,
2024-01-09,Magdalena,34.0,28.0,88.1,59.0,
2024-01-09,Mairana_M (GPRS),207.9,207.9,247.8,247.8,
2024-01-09,Mizque - SDC (GPRS),32.73,29.15,31.17,16.25,
2024-01-09,Oruro (GPRS),24.0,13.0,57.9,23.5,
2024-01-09,Pailon - Pozo del Tigre (GPRS),37.5,35.41,53.11,41.69,
2024-01-09,Pocona - SDC (GPRS),29.42,26.92,34.54,19.43,
2024-01-09,Pojo - SDC (GPRS),27.57,26.27,56.0,47.21,
2024-01-09,Potolo_M (GPRS),0.0,0.0,0.0,0.0,
2024-01-09,Potosí,19.0,9.0,80.9,36.5,
2024-01-09,Puerto Suarez,38.0,31.0,65.8,39.5,
2024-01-09,Puerto Suarez Aeropuerto (F),38.0,31.0,65.8,39.5,
2024-01-09,Puerto Villarroel (GPRS)_M,35.23,32.7,74.37,57.61,1.8
2024-01-09,Putucuni Calientes (GPRS),14.11,12.16,60.72,25.09,
2024-01-09,Quila Quila_M (GPRS),26.98,24.62,32.73,16.94,
2024-01-09,Reyes,35.0,27.0,88.0,55.8,
2024-01-09,Riberalta,30.0,26.0,88.0,74.0,
2024-01-09,Robore,36.0,29.0,73.8,46.8,
2024-01-09,Rurrenabaque,34.0,26.0,99.1,62.6,
2024-01-09,San Andres de Machaca_M (GPRS),20.24,17.1,22.3,15.99,
2024-01-09,San Jacinto_M (GPRS),31.28,29.91,51.1,36.76,
2024-01-09,San Javier,33.0,28.0,78.2,62.4,
2024-01-09,San Javier Aeropuerto (F),33.0,28.0,78.2,62.4,
2024-01-09,San Joaquin,33.0,27.0,88.0,62.4,
2024-01-09,San Jose de Chiquitos,40.0,32.0,62.2,33.4,
2024-01-09,San Julian - Comunidad Los Angeles (GPRS),37.45,35.52,54.95,45.44,
2024-01-09,San Julian - Nucleo 32 (GPRS),34.89,33.77,,,0.2
2024-01-09,San Pedro - Río Victoria (GPRS),34.56,32.78,69.06,61.65,
2024-01-09,San Pedro - San Antonio (GPRS),34.93,33.27,73.84,62.39,
2024-01-09,San Pedro de Buena Vista (GPRS),29.39,26.21,35.37,21.35,
2024-01-09,San Roque - El Alto (GPRS),21.83,18.57,29.5,22.41,
2024-01-09,Santa Ana - Yacuma,35.0,28.0,88.1,55.8,
2024-01-09,Sunjani (GPRS),18.68,16.83,35.19,25.11,
2024-01-09,Tacagua_M (GPRS),22.99,20.96,16.35,8.8,
2024-01-09,Tarija,35.0,24.0,77.7,36.1,
2024-01-09,Templo (GPRS),15.05,13.34,37.49,26.89,
2024-01-09,Temporal - SDC (GPRS),29.91,26.15,19.84,0.04,
2024-01-09,Trinidad,35.0,28.0,83.0,55.8,
2024-01-09,Vacas - SDC (GPRS),21.0,17.92,49.75,22.67,
2024-01-09,Viacha_M (GPRS),20.3,18.2,30.23,20.98,
2024-01-09,Vila Vila - SDC (GPRS),29.04,25.43,33.85,14.64,
2024-01-09,Villamontes,38.0,30.0,78.5,35.2,
2024-01-09,Viru Viru,35.0,28.0,83.0,55.8,
2024-01-09,Viscachas Chirage (GPRS),17.27,15.62,60.89,14.67,
2024-01-09,Vivero Chimboco - SDC (GPRS),30.22,25.68,27.11,15.6,
2024-01-09,Vivero Viloma - SDC (GPRS),30.52,27.37,27.24,18.62,
2024-01-09,Wila Cala (GPRS),14.03,1.06,85.0,49.67,0.6
2024-01-09,Yacuiba,37.0,28.0,78.2,53.0,
2024-01-10,4 Esquinas (GPRS),15.89,14.94,,,
2024-01-10,Aguadas (GPRS),20.87,15.81,51.49,30.63,
2024-01-10,Aiquile (GPRS),40.03,23.7,57.4,18.83,
2024-01-10,Aroma (GPRS),24.92,13.51,37.9,12.52,
2024-01-10,Camiri,38.0,25.0,82.7,29.0,
2024-01-10,Chua Cocani_M (GPRS),,,,,0.5
2024-01-10,Cobija,33.0,26.0,88.0,62.2,
2024-01-10,Cochabamba,31.0,21.0,37.4,13.5,
2024-01-10,Concepcion,27.0,24.0,99.1,82.9,
2024-01-10,Cotagaita (GPRS),,,,,5.3
2024-01-10,Cuatro Cañadas - CEA-2 (GPRS),31.59,29.36,71.32,65.0,
2024-01-10,Cuatro Cañadas - Colonia Chihuahua (GPRS),29.12,25.58,97.3,80.7,18.2
2024-01-10,Desaguadero_M,16.64,15.33,42.82,31.87,
2024-01-10,El Alto,18.0,11.0,70.8,23.6,
2024-01-10,Guajara-Mirim - Guayaramerín,,,,,7.7
2024-01-10,Huarisuyo (GPRS),17.34,16.53,66.01,39.46,
2024-01-10,Isla Suriqui_M (GPRS),15.48,15.48,52.42,25.25,
2024-01-10,Jesús de Machaca_M (GPRS),19.16,18.12,28.45,26.82,
2024-01-10,Magdalena,27.0,26.0,93.4,87.9,
2024-01-10,Mairana_M (GPRS),207.9,207.9,247.8,247.8,
2024-01-10,Mizque - SDC (GPRS),31.53,28.48,19.61,16.04,
2024-01-10,Oruro (GPRS),20.0,13.0,57.9,37.1,
2024-01-10,Pailon - Pozo del Tigre (GPRS),32.51,28.51,80.1,61.35,
2024-01-10,Pocona - SDC (GPRS),25.34,23.91,45.87,34.74,
2024-01-10,Pojo - SDC (GPRS),26.91,26.0,57.17,47.22,
2024-01-10,Potosí,18.0,9.0,65.8,41.8,
2024-01-10,Puerto Suarez,38.0,31.0,65.8,39.5,
2024-01-10,Puerto Suarez Aeropuerto (F),38.0,31.0,65.8,39.5,
2024-01-10,Puerto Villarroel (GPRS)_M,32.4,28.9,86.8,73.81,3.2
2024-01-10,Putucuni Calientes (GPRS),12.62,8.67,72.82,47.31,
2024-01-10,Quila Quila_M (GPRS),25.99,24.16,24.9,15.12,
2024-01-10,Reyes,34.0,27.0,88.0,59.0,
2024-01-10,Riberalta,31.0,25.0,93.3,65.8,
2024-01-10,Robore,37.0,29.0,78.3,44.3,
2024-01-10,Rurrenabaque,32.0,26.0,93.4,62.6,
2024-01-10,San Andres de Machaca_M (GPRS),19.19,17.26,30.21,25.05,
2024-01-10,San Jacinto_M (GPRS),33.18,29.16,54.7,33.14,19.9
2024-01-10,San Joaquin,27.0,26.0,93.4,82.9,
2024-01-10,San Jose de Chiquitos,32.0,30.0,74.0,62.2,
2024-01-10,San Julian - Comunidad Los Angeles (GPRS),32.28,29.9,70.34,64.41,
2024-01-10,San Julian - Nucleo 32 (GPRS),27.95,27.43,,,0.2
2024-01-10,San Pedro - Río Victoria (GPRS),26.69,26.4,78.93,75.54,
2024-01-10,San Pedro - San Antonio (GPRS),26.29,24.1,92.5,84.8,17.8
2024-01-10,San Pedro de Buena Vista (GPRS),28.43,25.88,24.07,15.03,
2024-01-10,San Roque - El Alto (GPRS),20.82,18.16,35.94,27.16,
2024-01-10,Santa Ana - Yacuma,32.0,28.0,83.0,66.0,
2024-01-10,Sunjani (GPRS),17.25,14.26,53.36,35.74,
2024-01-10,Tacagua_M (GPRS),24.04,20.5,11.6,9.4,
2024-01-10,Tarija,35.0,22.0,68.2,34.2,
2024-01-10,Templo (GPRS),13.8,10.56,66.44,35.6,
2024-01-10,Temporal - SDC (GPRS),28.5,25.85,0.12,0.03,
2024-01-10,Trinidad,32.0,27.0,88.0,65.8,
2024-01-10,Vacas - SDC (GPRS),,,,19.63,
2024-01-10,Viacha_M (GPRS),20.76,18.13,29.67,16.81,
2024-01-10,Vila Vila - SDC (GPRS),28.43,26.19,21.47,10.13,
2024-01-10,Villamontes,40.0,29.0,73.8,31.4,
2024-01-10,Viru Viru,33.0,28.0,88.1,66.2,
2024-01-10,Viscachas Chirage (GPRS),15.75,13.18,65.49,51.47,
2024-01-10,Vivero Chimboco - SDC (GPRS),28.59,24.29,23.58,16.65,
2024-01-10,Vivero Viloma - SDC (GPRS),26.72,26.72,21.85,10.44,
2024-01-10,Wila Cala (GPRS),13.59,6.37,81.72,50.72,0.4
2024-01-10,Yacuiba,39.0,30.0,74.0,50.5,
